Fund Name,P1,P2,P3,P4,P5,Topsis Score,Rank
M1,0.67,0.45,4.8,48.2,13.53,0.48921116986100394,6
M2,0.66,0.44,7.0,30.9,9.75,0.18893977548942406,8
M3,0.89,0.79,4.4,43.0,12.27,0.5660909125441603,3
M4,0.82,0.67,3.7,45.4,12.65,0.6067546484870661,2
M5,0.83,0.69,3.4,62.5,16.86,0.8156690094078697,1
M6,0.86,0.74,3.6,38.2,10.85,0.5419949185760476,5
M7,0.68,0.46,6.0,48.0,13.79,0.4064613548721909,7
M8,0.68,0.46,4.2,49.6,13.74,0.547106133636177,4
